[{"url": "https://github.com/OllisGit/OctoPrint-DisplayLayerProgress", "name": "DisplayLayerProgress Plugin", "key": "DisplayLayerProgress"}, {"url": "https://github.com/fabianonline/OctoPrint-Telegram", "name": "Telegram Notifications", "key": "telegram"}, {"url": "https://github.com/ieatacid/OctoPrint-GcodeEditor", "name": "GcodeEditor", "key": "GcodeEditor"}, {"url": "https://github.com/LazeMSS/OctoPrint-TopTemp", "name": "Top Temp", "key": "toptemp"}, {"url": "https://github.com/cesarvandevelde/OctoPrint-M73Progress", "name": "M73 Progress Plugin", "key": "m73progress"}, {"url": "https://github.com/jneilliii/OctoPrint-PrusaSlicerThumbnails", "name": "PrusaSlicer Thumbnails", "key": "prusaslicerthumbnails"}, {"url": "https://github.com/birkbjo/OctoPrint-Themeify", "name": "Themeify", "key": "themeify"}, {"url": "https://github.com/MoonshineSG/OctoPrint-Autoscroll", "name": "Autoscroll", "key": "autoscroll"}, {"url": "https://github.com/jeffeb3/OctoPrint-TerminalMessaging", "name": "Terminal Messaging", "key": "terminalmessaging"}, {"url": "https://github.com/BillyBlaze/OctoPrint-TouchUI", "name": "TouchUI", "key": "touchui"}, {"url": "https://github.com/OllisGit/OctoPrint-PrintJobHistory", "name": "PrintJobHistory", "key": "PrintJobHistory"}, {"url": "https://github.com/jneilliii/OctoPrint-BedLevelVisualizer", "name": "Bed Visualizer", "key": "bedlevelvisualizer"}, {"url": "https://github.com/jneilliii/OctoPrint-UltimakerFormatPackage", "name": "Cura Thumbnails", "key": "UltimakerFormatPackage"}, {"url": "https://github.com/marian42/octoprint-preheat", "name": "Preheat Button", "key": "preheat"}, {"url": null, "name": "OctoKlipper", "key": "klipper"}, {"url": "https://github.com/OllisGit/OctoPrint-SpoolManager", "name": "SpoolManager Plugin", "key": "SpoolManager"}, {"url": "https://github.com/eyal0/OctoPrint-PrintTimeGenius", "name": "PrintTimeGenius Plugin", "key": "PrintTimeGenius"}, {"url": "https://github.com/FormerLurker/ArcWelderPlugin", "name": "Arc-Welder", "key": "arc_welder"}, {"url": "https://github.com/jneilliii/OctoPrint-ConsolidateTempControl", "name": "Consolidate Temp Control", "key": "consolidate_temp_control"}]